-- Inserta usuarios
INSERT INTO usuario (Nombre, Apellido, Email, Password) VALUES
('María', 'Jiménez', 'mariajimenez@gmail.com', 'maria1234'),
('Juan', 'Pérez', 'juanperez@gmail.com', 'juan1234'),
('Ana', 'López', 'analopez@gmail.com', 'ana1234'),
('Roberto', 'García', 'robertogarcia@gmail.com', 'roberto1234'),
('Laura', 'Martínez', 'lauramartinez@gmail.com', 'laura1234'),
('Carlos', 'Hernández', 'carloshernandez@gmail.com', 'carlos1234'),
('Patricia', 'González', 'patriciagonzalez@gmail.com', 'patricia1234'),
('Fernando', 'Álvarez', 'fernandoalvarez@gmail.com', 'fernando1234'),
('Carmen', 'Ruiz', 'carmenruiz@gmail.com', 'carmen1234'),
('Sergio', 'Moreno', 'sergiomoreno@gmail.com', 'sergio1234');

-- Inserta roles de usuario
INSERT INTO usuario_rol (Usuario_id, Rol) VALUES
(3, 'ROL_USER'),
(4, 'ROL_USER'),
(5, 'ROL_USER'),
(6, 'ROL_USER'),
(7, 'ROL_USER'),
(8, 'ROL_USER'),
(9, 'ROL_USER'),
(10, 'ROL_USER'),
(11, 'ROL_USER'),
(12, 'ROL_USER');

-- Inserta destinos
INSERT INTO destino VALUES
(1, 'https://raw.githubusercontent.com/carcisa/PFG_CarmenCiscar/main/docs/assets/destinos/01.jpg', 'Almería'),
(2, 'https://raw.githubusercontent.com/carcisa/PFG_CarmenCiscar/main/docs/assets/destinos/02.jpg', 'Cádiz'),
(3, 'https://raw.githubusercontent.com/carcisa/PFG_CarmenCiscar/main/docs/assets/destinos/03.jpg', 'Córdoba'),
(4, 'https://raw.githubusercontent.com/carcisa/PFG_CarmenCiscar/main/docs/assets/destinos/04.jpg', 'Granada'),
(5, 'https://raw.githubusercontent.com/carcisa/PFG_CarmenCiscar/main/docs/assets/destinos/05.jpg', 'Huelva'),
(6, 'https://raw.githubusercontent.com/carcisa/PFG_CarmenCiscar/main/docs/assets/destinos/06.jpg', 'Jaén'),
(7, 'https://raw.githubusercontent.com/carcisa/PFG_CarmenCiscar/main/docs/assets/destinos/07.jpg', 'Málaga'),
(8, 'https://raw.githubusercontent.com/carcisa/PFG_CarmenCiscar/main/docs/assets/destinos/08.jpg', 'Sevilla');


-- Inserta actividades
INSERT INTO `actividad` VALUES
(1,'NATURALEZA','Explora la belleza natural del Cabo de Gata, sus playas y paisajes volcánicos.','Cabo de Gata, Almería','Todo el día','https://raw.githubusercontent.com/carcisa/PFG_CarmenCiscar/main/docs/assets/actividades/01/01.jpg','Visita al Parque Natural Cabo de Gata-Níjar',2.3,1),
(2,'CULTURA','Descubre la historia de Almería a través de su impresionante fortaleza musulmana.','Alcazaba, Almería','09:00-18:00','https://raw.githubusercontent.com/carcisa/PFG_CarmenCiscar/main/docs/assets/actividades/01/02.jpg','Tour por el Conjunto Monumental de la Alcazaba',3.4,1),
(3,'GASTRONOMIA','Saborea las mejores tapas almerienses en un tour gastronómico por la ciudad.','Centro de Almería','12:00-16:00, 20:00-24:00','https://raw.githubusercontent.com/carcisa/PFG_CarmenCiscar/main/docs/assets/actividades/01/03.jpg','Degustación de tapas en la capital',5,1),
(4,'DEPORTE','Disfruta de la naturaleza y el ejercicio con rutas de senderismo por la Sierra de los Filabres.','Sierra de los Filabres, Almería','Todo el día','https://raw.githubusercontent.com/carcisa/PFG_CarmenCiscar/main/docs/assets/actividades/01/04.jpg','Rutas de senderismo en Sierra de los Filabres',5,1),
(5,'OCIO','Vive la pasión del flamenco en una auténtica noche almeriense.','Tablao en Almería','21:00-23:00','https://raw.githubusercontent.com/carcisa/PFG_CarmenCiscar/main/docs/assets/actividades/01/05.jpg','Noche de flamenco en un tablao local',4.5,1),
(6,'NATURALEZA','Recorre en kayak algunas de las calas más hermosas y accesibles solo por mar del Parque Natural Cabo de Gata-Níjar.','Parque Natural Cabo de Gata, Almería','10:00-14:00','https://raw.githubusercontent.com/carcisa/PFG_CarmenCiscar/main/docs/assets/actividades/01/06.jpg','Kayak en las calas de Cabo de Gata',4.9,1),
(7,'CULTURA','Explora la rica historia de Almería desde la prehistoria hasta la época moderna en su museo provincial.','Museo de Almería, Almería','09:00-20:00','https://raw.githubusercontent.com/carcisa/PFG_CarmenCiscar/main/docs/assets/actividades/01/07.jpg','Visita al Museo de Almería',4.5,1),
(8,'GASTRONOMIA','Disfruta de una jornada de enoturismo descubriendo los vinos de la Alpujarra Almeriense.','Alpujarra de Almería, Almería','11:00-16:00','https://raw.githubusercontent.com/carcisa/PFG_CarmenCiscar/main/docs/assets/actividades/01/08.jpg','Ruta de vinos por la Alpujarra Almeriense',3.4,1),
(9,'DEPORTE','Sumérgete en las aguas cristalinas del Cabo de Gata y explora el famoso arrecife de las Sirenas.','Arrecife de las Sirenas, Cabo de Gata, Almería','09:00-17:00','https://raw.githubusercontent.com/carcisa/PFG_CarmenCiscar/main/docs/assets/actividades/01/09.jpg','Buceo en el arrecife de las Sirenas',4.6,1),
(10,'OCIO','Disfruta de una noche de cine bajo las estrellas en una de las playas más emblemáticas de Almería.','Playa de los Genoveses, Cabo de Gata, Almería','21:00-23:00','https://raw.githubusercontent.com/carcisa/PFG_CarmenCiscar/main/docs/assets/actividades/01/10.jpg','Cine al aire libre en la playa de los Genoveses',3.9,1),
(11,'NATURALEZA','Experimenta la diversidad de aves en uno de los humedales más importantes de Europa.','Parque Natural de Doñana, Cádiz','08:00-18:00','https://raw.githubusercontent.com/carcisa/PFG_CarmenCiscar/main/docs/assets/actividades/02/01.jpg','Observación de aves en el Parque Natural de Doñana',4.5,2),
(12,'NATURALEZA','Disfruta de un paseo por este parque natural, que ofrece unas vistas espectaculares de la costa y de la sierra.','Parque Natural de la Breña, Cádiz','Todo el día','https://raw.githubusercontent.com/carcisa/PFG_CarmenCiscar/main/docs/assets/actividades/02/02.jpg','Paseo por el Parque Natural de la Breña y Marismas del Barbate',5,2),
(13,'CULTURA','Descubre la historia y la arquitectura de la impresionante Catedral de Cádiz.','Catedral de Cádiz, Cádiz','10:00-18:00','https://raw.githubusercontent.com/carcisa/PFG_CarmenCiscar/main/docs/assets/actividades/02/03.jpg','Visita a la Catedral de Cádiz',4.5,2),
(14,'CULTURA','Explora uno de los teatros romanos más antiguos descubiertos en España.','Teatro Romano de Cádiz, Cádiz','09:00-19:00','https://raw.githubusercontent.com/carcisa/PFG_CarmenCiscar/main/docs/assets/actividades/02/04.jpg','Recorrido por el Teatro Romano de Cádiz',2,2),
(15,'GASTRONOMIA','Saborea el atún rojo en diferentes preparaciones, una especialidad local de Barbate.','Barbate, Cádiz','12:00-16:00, 19:00-23:00','https://raw.githubusercontent.com/carcisa/PFG_CarmenCiscar/main/docs/assets/actividades/02/05.jpg','Ruta del atún rojo en Barbate',2.9,2),
(16,'GASTRONOMIA','Descubre los secretos de los vinos de Jerez con una visita a una bodega local.','Jerez de la Frontera, Cádiz','11:00-14:00, 17:00-19:00','https://raw.githubusercontent.com/carcisa/PFG_CarmenCiscar/main/docs/assets/actividades/02/06.jpg','Degustación de vinos de Jerez',3.8,2),
(17,'DEPORTE','Atrévete a surfear en las playas de Tarifa, conocidas mundialmente por sus excelentes condiciones para el windsurf y el kitesurf.','Playa de Tarifa, Cádiz','Todo el día','https://raw.githubusercontent.com/carcisa/PFG_CarmenCiscar/main/docs/assets/actividades/02/07.jpg','Surf en la playa de Tarifa',4.5,2),
(18,'DEPORTE','Disfruta de una ruta a caballo por los paisajes únicos de la Sierra de Grazalema.','Sierra de Grazalema, Cádiz','09:00-14:00','https://raw.githubusercontent.com/carcisa/PFG_CarmenCiscar/main/docs/assets/actividades/02/08.jpg','Rutas a caballo en la Sierra de Grazalema',5,2),
(19,'OCIO','Maravíllate con un espectáculo de danza ecuestre que muestra la tradición y habilidad de la equitación andaluza.','Real Escuela Andaluza del Arte Ecuestre, Jerez de la Frontera, Cádiz','12:00-14:00','https://raw.githubusercontent.com/carcisa/PFG_CarmenCiscar/main/docs/assets/actividades/02/09.jpg','Espectáculo ecuestre en la Real Escuela Andaluza del Arte Ecuestre',5,2),
(20,'OCIO','Sumérgete en el ambiente festivo del Carnaval de Cádiz, uno de los más famosos y divertidos de España.','Calles de Cádiz, Cádiz','Variable, principalmente en febrero','https://raw.githubusercontent.com/carcisa/PFG_CarmenCiscar/main/docs/assets/actividades/02/10.jpg','Carnaval de Cádiz',4.5,2),
(21,'CULTURA','Explora este icónico monumento que combina estilos arquitectónicos islámicos y cristianos.','Mezquita-Catedral, Córdoba','10:00-19:00','https://raw.githubusercontent.com/carcisa/PFG_CarmenCiscar/main/docs/assets/actividades/03/01.jpg','Visita a la Mezquita-Catedral de Córdoba',4.8,3),
(22,'CULTURA','Descubre la historia de Córdoba en este palacio fortificado con hermosos jardines.','Alcázar de los Reyes Cristianos, Córdoba','09:30-19:00','https://raw.githubusercontent.com/carcisa/PFG_CarmenCiscar/main/docs/assets/actividades/03/02.jpg','Paseo por el Alcázar de los Reyes Cristianos',5,3),
(23,'GASTRONOMIA','Prueba este plato típico de Córdoba, una deliciosa crema fría de tomate y pan.','Restaurantes locales, Córdoba','12:00-16:00, 20:00-24:00','https://raw.githubusercontent.com/carcisa/PFG_CarmenCiscar/main/docs/assets/actividades/03/03.jpg','Degustación de salmorejo cordobés',4.6,3),
(24,'GASTRONOMIA','Disfruta de las mejores tapas en una ruta gastronómica por el corazón de Córdoba.','Casco antiguo, Córdoba','13:00-16:00, 20:00-23:00','https://raw.githubusercontent.com/carcisa/PFG_CarmenCiscar/main/docs/assets/actividades/03/04.jpg','Ruta de tapas por el casco antiguo',4.7,3),
(25,'NATURALEZA','Conecta con la naturaleza en una ruta de senderismo por la Sierra de Córdoba.','Sierra de Córdoba','Todo el día','https://raw.githubusercontent.com/carcisa/PFG_CarmenCiscar/main/docs/assets/actividades/03/05.jpg','Senderismo en la Sierra de Córdoba',4.8,3),
(26,'NATURALEZA','Experimenta la astronomía observando las estrellas en el parque periurbano de Los Villares.','Parque Los Villares, Córdoba','20:00-00:00','https://raw.githubusercontent.com/carcisa/PFG_CarmenCiscar/main/docs/assets/actividades/03/06.jpg','Observación de estrellas en Los Villares',4.8,3),
(27,'OCIO','Vive la pasión del flamenco en un auténtico tablao de Córdoba.','Tablao Cordobés, Córdoba','21:00-23:00','https://raw.githubusercontent.com/carcisa/PFG_CarmenCiscar/main/docs/assets/actividades/03/07.jpg','Espectáculo flamenco en Tablao Cordobés',3.4,3),
(28,'OCIO','Relájate en los baños árabes de Córdoba, una experiencia de ocio y bienestar única.','Baños Árabes, Córdoba','10:00-22:00','https://raw.githubusercontent.com/carcisa/PFG_CarmenCiscar/main/docs/assets/actividades/03/08.jpg','Noche de baños árabes',3.5,3),
(29,'DEPORTE','Disfruta de un día de ciclismo por esta ruta que atraviesa paisajes naturales impresionantes.','Vía Verde de la Subbética, Córdoba','Todo el día','https://raw.githubusercontent.com/carcisa/PFG_CarmenCiscar/main/docs/assets/actividades/03/09.jpg','Ciclismo por la Vía Verde de la Subbética',3.7,3),
(30,'DEPORTE','Practica tu swing en uno de los campos de golf más bonitos de la región.','Club de Campo, Córdoba','08:00-20:00','https://raw.githubusercontent.com/carcisa/PFG_CarmenCiscar/main/docs/assets/actividades/03/10.jpg','Golf en el Club de Campo de Córdoba',5,3),
(31,'CULTURA','Explora el conjunto monumental más famoso de España, con sus palacios nazaríes y jardines.','Alhambra, Granada','08:30-20:00','https://raw.githubusercontent.com/carcisa/PFG_CarmenCiscar/main/docs/assets/actividades/04/01.jpeg','Visita a la Alhambra y el Generalife',4.7,4),
(32,'CULTURA','Pasea por las calles empedradas de este antiguo barrio morisco, Patrimonio de la Humanidad.','Albaicín, Granada','Todo el día','https://raw.githubusercontent.com/carcisa/PFG_CarmenCiscar/main/docs/assets/actividades/04/02.jpg','Recorrido por el barrio del Albaicín',2.6,4),
(33,'DEPORTE','Disfruta de las pistas de esquí de uno de los mejores centros de esquí de España.','Sierra Nevada, Granada','09:00-17:00','https://raw.githubusercontent.com/carcisa/PFG_CarmenCiscar/main/docs/assets/actividades/04/03.jpeg','Esquí en Sierra Nevada',5,4),
(34,'NATURALEZA','Conecta con la naturaleza en una de las muchas rutas de senderismo disponibles en el parque.','Sierra Nevada, Granada','Todo el día','https://raw.githubusercontent.com/carcisa/PFG_CarmenCiscar/main/docs/assets/actividades/04/04.jpeg','Senderismo por el Parque Nacional de Sierra Nevada',3.4,4),
(35,'GASTRONOMIA','Granada es famosa por sus tapas gratuitas disfruta de una variedad en los bares locales.','Bares de Granada','12:00-16:00, 20:00-24:00','https://raw.githubusercontent.com/carcisa/PFG_CarmenCiscar/main/docs/assets/actividades/04/05.jpg','Degustación de tapas granadinas',4.6,4),
(36,'CULTURA','Descubre las tradicionales casas cueva de Granada y disfruta de un espectáculo flamenco.','Sacromonte, Granada','10:00-22:00','https://raw.githubusercontent.com/carcisa/PFG_CarmenCiscar/main/docs/assets/actividades/04/06.jpg','Visita a las cuevas del Sacromonte',1.2,4),
(37,'OCIO','Relájate en un baño árabe histórico para una experiencia de bienestar tradicional.','Baños Árabes, Granada','10:00-22:00','https://raw.githubusercontent.com/carcisa/PFG_CarmenCiscar/main/docs/assets/actividades/04/07.png','Baño en los Baños Árabes',1.3,4),
(38,'OCIO','Disfruta de la mejor música jazz en uno de los clubes más emblemáticos de Granada.','Eshavira Club, Granada','21:00-01:00','https://raw.githubusercontent.com/carcisa/PFG_CarmenCiscar/main/docs/assets/actividades/04/08.jpg','Noche de jazz en el Eshavira Club',4.3,4),
(39,'CULTURA','Explora el barrio del Realejo y admira el arte callejero que decora sus paredes.','Realejo, Granada','Todo el día','https://raw.githubusercontent.com/carcisa/PFG_CarmenCiscar/main/docs/assets/actividades/04/09.jpg','Ruta de arte callejero en Realejo',5,4),
(40,'GASTRONOMIA','Descubre los vinos de la región con una cata en las bodegas de la Alpujarra.','Alpujarra Granadina, Granada','11:00-14:00','https://raw.githubusercontent.com/carcisa/PFG_CarmenCiscar/main/docs/assets/actividades/04/10.jpg','Cata de vinos en la Alpujarra Granadina',5,4),
(41,'NATURALEZA','Explora uno de los parques nacionales más importantes de Europa, hogar de una rica biodiversidad.','Parque Nacional de Doñana, Huelva','09:00-19:00','https://raw.githubusercontent.com/carcisa/PFG_CarmenCiscar/main/docs/assets/actividades/05/01.jpg','Visita al Parque Nacional de Doñana',1.4,5),
(42,'GASTRONOMIA','Descubre el proceso de elaboración del jamón ibérico y disfruta de una degustación en Jabugo.','Jabugo, Huelva','10:00-14:00','https://raw.githubusercontent.com/carcisa/PFG_CarmenCiscar/main/docs/assets/actividades/05/02.jpg','Ruta del Jamón Ibérico en Jabugo',4.5,5),
(43,'DEPORTE','Practica kitesurf en las aguas de El Portil, un destino conocido por sus excelentes condiciones.','Playa de El Portil, Huelva','Todo el día','https://raw.githubusercontent.com/carcisa/PFG_CarmenCiscar/main/docs/assets/actividades/05/03.jpg','Kitesurf en la playa de El Portil',4.1,5),
(44,'NATURALEZA','Maravíllate con las formaciones de estalactitas y estalagmitas en esta espectacular cueva.','Gruta de las Maravillas, Huelva','10:00-18:00','https://raw.githubusercontent.com/carcisa/PFG_CarmenCiscar/main/docs/assets/actividades/05/04.jpg','Visita a la Gruta de las Maravillas',3.2,5),
(45,'CULTURA','Conoce la historia y la arquitectura del emblemático Barrio Obrero, símbolo de la industrialización.','Barrio Obrero, Huelva','Todo el día','https://raw.githubusercontent.com/carcisa/PFG_CarmenCiscar/main/docs/assets/actividades/05/05.jpg','Recorrido por el Barrio Obrero de Huelva',3.3,5),
(46,'GASTRONOMIA','Participa en una cata de los exquisitos vinos de la denominación de origen Condado de Huelva.','Condado de Huelva','12:00-14:00','https://raw.githubusercontent.com/carcisa/PFG_CarmenCiscar/main/docs/assets/actividades/05/06.jpg','Cata de vinos del Condado de Huelva',4.9,5),
(47,'OCIO','Disfruta de un relajante paseo en barco por la Ría de Huelva, con vistas a la marisma y la ciudad.','Ría de Huelva','16:00-19:00','https://raw.githubusercontent.com/carcisa/PFG_CarmenCiscar/main/docs/assets/actividades/05/07.jpg','Paseo en barco por la Ría de Huelva',4.6,5),
(48,'CULTURA','Descubre réplicas de las tres carabelas de Colón en este museo al aire libre dedicado al Descubrimiento de América.','Muelle de las Carabelas, Huelva','09:00-20:00','https://raw.githubusercontent.com/carcisa/PFG_CarmenCiscar/main/docs/assets/actividades/05/08.jpg','Visita al Muelle de las Carabelas',2.5,5),
(49,'DEPORTE','Disfruta de una jornada de golf en uno de los clubes más antiguos y prestigiosos de Andalucía.','Club de Golf Bellavista, Huelva','08:00-20:00','https://raw.githubusercontent.com/carcisa/PFG_CarmenCiscar/main/docs/assets/actividades/05/09.jpg','Golf en el Club de Golf Bellavista',3.4,5),
(50,'OCIO','No te pierdas este importante festival que reúne las mejores producciones cinematográficas iberoamericanas.','Huelva','Variable según programación','https://raw.githubusercontent.com/carcisa/PFG_CarmenCiscar/main/docs/assets/actividades/05/10.jpeg','Festival de Cine Iberoamericano',1.8,5),
(51,'CULTURA','Descubre la historia y las vistas panorámicas de Jaén desde este icónico castillo.','Castillo de Santa Catalina, Jaén','09:00-21:00','https://raw.githubusercontent.com/carcisa/PFG_CarmenCiscar/main/docs/assets/actividades/06/01.jpg','Visita al Castillo de Santa Catalina',5,6),
(52,'GASTRONOMIA','Explora las almazaras y degusta algunos de los mejores aceites de oliva del mundo.','Provincia de Jaén','10:00-14:00','https://raw.githubusercontent.com/carcisa/PFG_CarmenCiscar/main/docs/assets/actividades/06/02.jpg','Ruta de aceite de oliva',5,6),
(53,'NATURALEZA','Conecta con la naturaleza en uno de los mayores parques naturales de España.','Parque Natural de Cazorla, Jaén','Todo el día','https://raw.githubusercontent.com/carcisa/PFG_CarmenCiscar/main/docs/assets/actividades/06/03.jpg','Senderismo en el Parque Natural de Cazorla',3.6,6),
(54,'OCIO','Relájate en los antiguos baños árabes mejor conservados de Europa.','Baños Árabes, Jaén','10:00-20:00','https://raw.githubusercontent.com/carcisa/PFG_CarmenCiscar/main/docs/assets/actividades/06/04.jpg','Baños árabes en Jaén',3.6,6),
(55,'DEPORTE','Disfruta de un día de kayak en las tranquilas aguas del Embalse del Tranco.','Embalse del Tranco, Jaén','10:00-18:00','https://raw.githubusercontent.com/carcisa/PFG_CarmenCiscar/main/docs/assets/actividades/06/05.jpg','Kayak en el Embalse del Tranco',4.2,6),
(56,'CULTURA','Explora esta joya del renacimiento español y su impresionante sacristía.','Catedral de Jaén, Jaén','09:00-19:00','https://raw.githubusercontent.com/carcisa/PFG_CarmenCiscar/main/docs/assets/actividades/06/06.jpg','Visita a la Catedral de Jaén',3,6),
(57,'CULTURA','Descubre el patrimonio renacentista de Úbeda, ciudad Patrimonio de la Humanidad.','Casco antiguo de Úbeda, Jaén','Todo el día','https://raw.githubusercontent.com/carcisa/PFG_CarmenCiscar/main/docs/assets/actividades/06/07.jpg','Ruta por el casco antiguo de Úbeda',4,6),
(58,'DEPORTE','Vive la emoción de volar en parapente sobre los impresionantes paisajes de Sierra Mágina.','Sierra Mágina, Jaén','09:00-18:00','https://raw.githubusercontent.com/carcisa/PFG_CarmenCiscar/main/docs/assets/actividades/06/08.jpg','Parapente en Sierra Mágina',4.4,6),
(59,'GASTRONOMIA','Saborea la cocina local en Baeza, otra ciudad renacentista de Jaén.','Baeza, Jaén','12:00-16:00, 19:00-23:00','https://raw.githubusercontent.com/carcisa/PFG_CarmenCiscar/main/docs/assets/actividades/06/09.jpg','Degustación gastronómica en Baeza',2.7,6),
(60,'NATURALEZA','Descubre el cielo nocturno en una de las mejores zonas de España para la observación de estrellas.','Sierra Morena, Jaén','21:00-01:00','https://raw.githubusercontent.com/carcisa/PFG_CarmenCiscar/main/docs/assets/actividades/06/10.jpg','Observación de estrellas en Sierra Morena',2.2,6),
(61,'CULTURA','Explora el legado de Pablo Picasso en su ciudad natal, a través de una de las colecciones más completas de sus obras.','Museo Picasso, Málaga','10:00-19:00','https://raw.githubusercontent.com/carcisa/PFG_CarmenCiscar/main/docs/assets/actividades/07/01.jpg','Visita al Museo Picasso',2.6,7),
(62,'NATURALEZA','Atrévete a caminar por este impresionante sendero colgante, conocido como uno de los más peligrosos del mundo antes de su restauración.','Caminito del Rey, Málaga','09:30-16:00','https://raw.githubusercontent.com/carcisa/PFG_CarmenCiscar/main/docs/assets/actividades/07/02.jpg','Recorrido por el Caminito del Rey',4.8,7),
(63,'GASTRONOMIA','Descubre los vinos de la Serranía de Ronda con una visita a una bodega local y una cata de sus mejores caldos.','Ronda, Málaga','11:00-14:00','https://raw.githubusercontent.com/carcisa/PFG_CarmenCiscar/main/docs/assets/actividades/07/03.jpg','Degustación de vinos en Ronda',3.6,7),
(64,'OCIO','Revive la tradición de los baños árabes en este hammam que recrea la atmósfera y la arquitectura de los antiguos baños de Al Ándalus.','Hammam Al Ándalus, Málaga','10:00-22:00','https://raw.githubusercontent.com/carcisa/PFG_CarmenCiscar/main/docs/assets/actividades/07/04.jpg','Baños Árabes en el Hammam Al Ándalus',3.3,7),
(65,'NATURALEZA','Explora las maravillas subterráneas de la Cueva de Nerja, uno de los yacimientos prehistóricos más importantes de España.','Cueva de Nerja, Málaga','09:30-16:30','https://raw.githubusercontent.com/carcisa/PFG_CarmenCiscar/main/docs/assets/actividades/07/05.jpg','Espeleología en la Cueva de Nerja',4.6,7),
(66,'OCIO','Disfruta de un día en el mar con un paseo en barco que te ofrece vistas espectaculares de la Costa del Sol.','Costa del Sol, Málaga','11:00-14:00','https://raw.githubusercontent.com/carcisa/PFG_CarmenCiscar/main/docs/assets/actividades/07/06.jpg','Paseo en barco por la Costa del Sol',2.3,7),
(67,'GASTRONOMIA','Aprende a preparar platos típicos andaluces en una clase de cocina con un chef local.','Málaga','17:00-20:00','https://raw.githubusercontent.com/carcisa/PFG_CarmenCiscar/main/docs/assets/actividades/07/07.jpg','Clase de cocina andaluza',5,7),
(68,'NATURALEZA','Descubre las formaciones rocosas únicas del Torcal de Antequera, un paraje natural de extraordinaria belleza.','Torcal de Antequera, Málaga','09:00-17:00','https://raw.githubusercontent.com/carcisa/PFG_CarmenCiscar/main/docs/assets/actividades/07/08.jpg','Ruta de senderismo en el Torcal de Antequera',5,7),
(69,'OCIO','Vive la intensidad y pasión del flamenco en uno de los tablaos más auténticos de Málaga.','Tablao Los Amayas, Málaga','21:00-23:00','https://raw.githubusercontent.com/carcisa/PFG_CarmenCiscar/main/docs/assets/actividades/07/09.jpg','Noche de flamenco en el Tablao Los Amayas',4.4,7),
(70,'NATURALEZA','Pasea por uno de los jardines tropicales y subtropicales más bellos de España, con más de 150 años de historia.','Jardín Botánico-Histórico La Concepción, Málaga','09:30-19:30','https://raw.githubusercontent.com/carcisa/PFG_CarmenCiscar/main/docs/assets/actividades/07/10.jpg','Visita al Jardín Botánico-Histórico La Concepción',3.2,7),
(71,'CULTURA','Descubre la majestuosidad de la Catedral de Sevilla, el mayor edificio gótico del mundo, y sube a su icónica torre, la Giralda.','Catedral de Sevilla, Sevilla','09:30-16:00','https://raw.githubusercontent.com/carcisa/PFG_CarmenCiscar/main/docs/assets/actividades/08/01.jpg','Visita a la Catedral de Sevilla y la Giralda',5,8),
(72,'NATURALEZA','Disfruta de un relajante paseo por el Parque de María Luisa hasta llegar a la impresionante Plaza de España.','Parque de María Luisa, Sevilla','Todo el día','https://raw.githubusercontent.com/carcisa/PFG_CarmenCiscar/main/docs/assets/actividades/08/02.jpg','Paseo por el Parque de María Luisa y Plaza de España',4.8,8),
(73,'OCIO','Vive la pasión del flamenco en uno de los barrios más emblemáticos de Sevilla, cuna de grandes artistas.','Barrio de Triana, Sevilla','21:00-23:00','https://raw.githubusercontent.com/carcisa/PFG_CarmenCiscar/main/docs/assets/actividades/08/03.jpg','Espectáculo de flamenco en el Barrio de Triana',4.3,8),
(74,'OCIO','Disfruta de las mejores vistas de Sevilla desde el río Guadalquivir en un tranquilo crucero.','Río Guadalquivir, Sevilla','11:00-18:00','https://raw.githubusercontent.com/carcisa/PFG_CarmenCiscar/main/docs/assets/actividades/08/04.jpg','Crucero por el río Guadalquivir',5,8),
(75,'CULTURA','Explora uno de los palacios en uso más antiguos del mundo, ejemplo sublime de la arquitectura mudéjar en España.','Real Alcázar, Sevilla','09:30-19:00','https://raw.githubusercontent.com/carcisa/PFG_CarmenCiscar/main/docs/assets/actividades/08/05.jpg','Visita al Real Alcázar de Sevilla',3.5,8),
(76,'GASTRONOMIA','Sumérgete en la cultura gastronómica sevillana con un tour de tapas por los mejores bares de la ciudad.','Centro de Sevilla','13:00-16:00, 20:00-23:00','https://raw.githubusercontent.com/carcisa/PFG_CarmenCiscar/main/docs/assets/actividades/08/06.jpg','Tour de tapas por Sevilla',5,8),
(77,'DEPORTE','Explora Sevilla desde una perspectiva diferente, remando por el río Guadalquivir.','Río Guadalquivir, Sevilla','10:00-18:00','https://raw.githubusercontent.com/carcisa/PFG_CarmenCiscar/main/docs/assets/actividades/08/07.jpg','Kayak en el río Guadalquivir',4.3,8),
(78,'DEPORTE','Recorre en bicicleta la Isla de la Cartuja, disfrutando de sus parques y arquitectura contemporánea.','Isla de la Cartuja, Sevilla','Todo el día','https://raw.githubusercontent.com/carcisa/PFG_CarmenCiscar/main/docs/assets/actividades/08/08.jpg','Ciclismo por la Isla de la Cartuja',5,8),
(79,'CULTURA','Contempla obras maestras del arte barroco español en uno de los museos más importantes de España.','Museo de Bellas Artes, Sevilla','09:00-21:00','https://raw.githubusercontent.com/carcisa/PFG_CarmenCiscar/main/docs/assets/actividades/08/09.jpg','Visita al Museo de Bellas Artes',3.9,8),
(80,'CULTURA','Descubre la historia y los secretos del casco antiguo de Sevilla, uno de los más grandes de Europa.','Casco antiguo, Sevilla','Todo el día','https://raw.githubusercontent.com/carcisa/PFG_CarmenCiscar/main/docs/assets/actividades/08/10.jpg','Ruta por el casco antiguo de Sevilla',5,8);


-- Inserta comentarios
INSERT INTO comentario (descripcion, puntuacion, titulo, actividad_id, usuario_id) VALUES
('Una experiencia única en la naturaleza, altamente recomendada.', 4.5, 'Experiencia inolvidable en Cabo de Gata', 1, 2),
('Impresionante vista desde la fortaleza, lleno de historia.', 4.8, 'Visita a la Alcazaba', 2, 1),
('Las mejores tapas que he probado, gran variedad.', 5.0, 'Ruta de tapas', 3, 2),
('Ruta desafiante pero gratificante, paisajes hermosos.', 4.7, 'Senderismo en Sierra Filabres', 4, 1),
('El ambiente del tablao es auténtico, y el espectáculo emocionante.', 4.9, 'Noche de flamenco', 5, 2),
('La tranquilidad de las calas es inigualable, el kayak es una forma estupenda de explorarlas.', 4.8, 'Kayak en Cabo de Gata', 6, 1),
('El museo ofrece una visión profunda de la historia de Almería.', 4.0, 'Cultura e historia', 7, 2),
('Una introducción perfecta a los vinos de la región, muy informativo.', 4.6, 'Ruta del vino', 8, 1),
('La diversidad y belleza del arrecife es impresionante, una gran experiencia de buceo.', 4.7, 'Buceo en las Sirenas', 9, 2),
('Ver una película bajo las estrellas en la playa fue mágico.', 4.5, 'Cine al aire libre', 10, 1),
('Una manera perfecta de conocer la historia local.', 4.2, 'Enriquecedor', 11, 1),
('No podía creer la belleza del lugar, absolutamente impresionante.', 4.9, 'Naturaleza pura', 12, 1),
('La guía era muy conocedora y amable.', 4.3, 'Tour informativo', 13, 2),
('Una de las mejores experiencias culinarias de mi vida.', 5.0, 'Gastronomía excepcional', 14, 2),
('Perfecto para los amantes del vino.', 4.6, 'Tour del vino inolvidable', 15, 2),
('Las vistas desde la cima son impresionantes.', 4.7, 'Aventura en la montaña', 16, 2),
('El espectáculo capturó la esencia del flamenco.', 4.8, 'Noche mágica', 17, 1),
('Un desafío físico, pero vale totalmente la pena.', 4.4, 'Senderismo extremo', 18, 1),
('Maravillosa manera de pasar la tarde.', 4.0, 'Día relajante', 19, 1),
('Gran diversidad de aves, traigan sus binoculares.', 4.5, 'Observación de aves', 20, 2),
('El guía hizo que la historia cobrara vida.', 4.8, 'Viaje histórico', 21, 2),
('Una joya oculta, no se lo pierdan.', 4.9, 'Descubrimiento increíble', 22, 2),
('Perfecto para familias y fotógrafos.', 4.3, 'Paisajes de ensueño', 23, 2),
('Los mejores mariscos que he probado.', 5.0, 'Delicia marina', 24, 1),
('Una experiencia cultural profunda.', 4.7, 'Inmersión cultural', 25, 1),
('Hermoso lugar para reflexionar y relajarse.', 4.6, 'Paz y serenidad', 26, 1),
('Ideal para los amantes de la naturaleza y la tranquilidad.', 4.5, 'Retiro natural', 27, 1),
('La arquitectura y el arte te dejan sin aliento.', 4.9, 'Belleza arquitectónica', 28, 1),
('Aprender sobre el proceso de producción fue fascinante.', 4.4, 'Tour educativo', 29, 1),
('Una excelente manera de ver la ciudad desde otra perspectiva.', 4.8, 'Aventura urbana', 30, 2),
('Los guías fueron increíblemente amables y sabían mucho.', 4.5, 'Experiencia inigualable', 31, 1),
('¡Ver las estrellas nunca había sido tan emocionante!', 4.7, 'Noche estrellada', 32, 2),
('Aprender surf fue desafiante pero muy divertido.', 4.3, 'Surf al máximo', 33, 2),
('La comida era deliciosa y el ambiente increíble.', 4.8, 'Cena espectacular', 34, 2),
('La ruta de senderismo fue bien planeada y hermosa.', 4.6, 'Aventura escénica', 35, 2),
('Nunca había visto un espectáculo de flamenco tan apasionante.', 5.0, 'Noche de pasión', 36, 2),
('Las aguas termales fueron el perfecto final para nuestro día.', 4.4, 'Relajación total', 37, 2),
('La historia detrás de cada esquina era fascinante.', 4.9, 'Viaje en el tiempo', 38, 1),
('Los niños disfrutaron cada momento, especialmente el parque.', 4.3, 'Diversión familiar', 39, 1),
('El tour de vino superó todas nuestras expectativas.', 4.8, 'Experiencia vinícola', 40, 1),
('Una inmersión profunda en la cultura local, muy recomendado.', 4.7, 'Cultura viva', 41, 1),
('La mejor manera de comenzar el día, con un poco de ejercicio en un entorno hermoso.', 4.5, 'Mañana activa', 42, 2),
('Los detalles arquitectónicos y la historia son impresionantes.', 4.6, 'Maravilla arquitectónica', 43, 1),
('Perfecto para aquellos que buscan una experiencia culinaria única.', 4.8, 'Delicias locales', 44, 2),
('Hacer kayak al atardecer fue la experiencia de mi vida.', 5.0, 'Kayak al atardecer', 45, 2),
('Los murales y el arte callejero eran absolutamente impresionantes.', 4.7, 'Exploración artística', 46, 2),
('Sentir la historia tan de cerca fue una experiencia poderosa.', 4.5, 'Historia palpable', 47, 1),
('Un lugar perfecto para los fotógrafos y amantes de la naturaleza.', 4.4, 'Paraíso fotográfico', 48, 1),
('Los platos ofrecieron una explosión de sabores locales auténticos.', 4.9, 'Festival gastronómico', 49, 2),
('Una experiencia relajante, perfecta para despejar la mente.', 4.3, 'Oasis de tranquilidad', 50, 1),
('Un paseo fascinante por la naturaleza, muy recomendable.', 4.5, 'Naturaleza pura', 11, 1),
('La catedral es impresionante, una visita obligada.', 4.7, 'Visita a la Catedral de Cádiz', 13, 2),
('El teatro romano es una joya histórica.', 4.2, 'Recorrido por el Teatro Romano de Cádiz', 14, 1),
('Delicioso atún rojo, vale la pena probarlo.', 4.3, 'Ruta del atún rojo', 15, 2),
('Una experiencia muy educativa sobre los vinos de Jerez.', 4.5, 'Degustación de vinos', 16, 1),
('Las condiciones para surfear en Tarifa son excelentes.', 4.7, 'Surf en Tarifa', 17, 2),
('Montar a caballo en la Sierra de Grazalema fue increíble.', 4.9, 'Rutas a caballo', 18, 1),
('El espectáculo ecuestre fue asombroso.', 5.0, 'Espectáculo ecuestre', 19, 2),
('El carnaval de Cádiz es una fiesta inolvidable.', 4.8, 'Carnaval de Cádiz', 20, 1),
('La Mezquita-Catedral de Córdoba es impresionante.', 4.9, 'Visita a la Mezquita-Catedral', 21, 2),
('El Alcázar de los Reyes Cristianos es un lugar fascinante.', 4.8, 'Paseo por el Alcázar', 22, 1),
('El salmorejo cordobés es delicioso.', 4.6, 'Degustación de salmorejo', 23, 2),
('Las tapas en Córdoba son simplemente las mejores.', 4.7, 'Ruta de tapas por Córdoba', 24, 1),
('El senderismo en la Sierra de Córdoba fue muy revitalizante.', 4.8, 'Senderismo en la Sierra de Córdoba', 25, 2),
('La observación de estrellas en Los Villares es una experiencia mágica.', 4.9, 'Observación de estrellas', 26, 1),
('El espectáculo de flamenco en Córdoba fue muy emocionante.', 4.5, 'Espectáculo flamenco', 27, 2),
('Los baños árabes en Córdoba son una experiencia relajante.', 4.6, 'Noche de baños árabes', 28, 1),
('La ruta de ciclismo por la Vía Verde de la Subbética es fantástica.', 4.7, 'Ciclismo por la Vía Verde', 29, 2),
('El campo de golf en Córdoba es de primera clase.', 4.8, 'Golf en el Club de Campo', 30, 1),
('La Alhambra y el Generalife son lugares impresionantes.', 4.9, 'Visita a la Alhambra', 31, 2),
('El barrio del Albaicín tiene un encanto especial.', 4.2, 'Recorrido por el Albaicín', 32, 1),
('Esquiar en Sierra Nevada es una experiencia única.', 5.0, 'Esquí en Sierra Nevada', 33, 2),
('El senderismo en el Parque Nacional de Sierra Nevada es muy gratificante.', 4.5, 'Senderismo por Sierra Nevada', 34, 1),
('Las tapas en Granada son excepcionales.', 4.7, 'Degustación de tapas granadinas', 35, 2),
('Las cuevas del Sacromonte son fascinantes.', 4.1, 'Visita al Sacromonte', 36, 1),
('Los baños árabes en Granada son muy relajantes.', 4.2, 'Baño en los Baños Árabes', 37, 2),
('La noche de jazz en Eshavira Club fue fantástica.', 4.6, 'Noche de jazz', 38, 1),
('El arte callejero en el barrio del Realejo es muy creativo.', 4.7, 'Ruta de arte callejero', 39, 2),
('La cata de vinos en la Alpujarra Granadina fue muy educativa.', 4.8, 'Cata de vinos', 40, 1),
('El Parque Nacional de Doñana es increíble para los amantes de la naturaleza.', 4.9, 'Visita a Doñana', 41, 2),
('El jamón ibérico en Jabugo es el mejor.', 4.7, 'Ruta del Jamón Ibérico', 42, 1),
('Kitesurf en la playa de El Portil fue una experiencia emocionante.', 4.5, 'Kitesurf en El Portil', 43, 2),
('La Gruta de las Maravillas es realmente asombrosa.', 4.3, 'Visita a la Gruta de las Maravillas', 44, 1),
('El Barrio Obrero de Huelva tiene una historia fascinante.', 4.2, 'Recorrido por el Barrio Obrero', 45, 2),
('La cata de vinos del Condado de Huelva fue muy informativa.', 4.6, 'Cata de vinos', 46, 1),
('El paseo en barco por la Ría de Huelva fue muy relajante.', 4.8, 'Paseo en barco', 47, 2),
('El Muelle de las Carabelas es un lugar histórico muy interesante.', 4.4, 'Visita al Muelle de las Carabelas', 48, 1),
('Jugar al golf en el Club de Golf Bellavista fue muy divertido.', 4.6, 'Golf en Bellavista', 49, 2),
('El Festival de Cine Iberoamericano en Huelva es muy entretenido.', 4.5, 'Festival de Cine', 50, 1),
('El Castillo de Santa Catalina en Jaén es impresionante.', 4.8, 'Visita al Castillo de Santa Catalina', 51, 2),
('La ruta del aceite de oliva en Jaén es muy interesante.', 4.7, 'Ruta del aceite de oliva', 52, 1),
('El senderismo en el Parque Natural de Cazorla fue muy revitalizante.', 4.5, 'Senderismo en Cazorla', 53, 2),
('Los baños árabes en Jaén son muy relajantes.', 4.6, 'Baños árabes', 54, 1),
('El kayak en el Embalse del Tranco fue muy divertido.', 4.7, 'Kayak en el Embalse del Tranco', 55, 2),
('La Catedral de Jaén es una joya del renacimiento español.', 4.9, 'Visita a la Catedral de Jaén', 56, 1),
('El casco antiguo de Úbeda es muy pintoresco.', 4.5, 'Ruta por Úbeda', 57, 2),
('Volar en parapente sobre Sierra Mágina es una experiencia inolvidable.', 4.8, 'Parapente en Sierra Mágina', 58, 1),
('La degustación gastronómica en Baeza fue deliciosa.', 4.6, 'Degustación en Baeza', 59, 2),
('La observación de estrellas en Sierra Morena fue espectacular.', 4.7, 'Observación de estrellas', 60, 1),
('El Museo Picasso en Málaga es muy interesante.', 4.5, 'Visita al Museo Picasso', 61, 2),
('El recorrido por el Caminito del Rey fue emocionante.', 4.8, 'Caminito del Rey', 62, 1),
('La degustación de vinos en Ronda fue muy educativa.', 4.6, 'Degustación de vinos', 63, 2),
('Los baños árabes en el Hammam Al Ándalus son muy relajantes.', 4.7, 'Baños Árabes en Málaga', 64, 1),
('La espeleología en la Cueva de Nerja fue fascinante.', 4.5, 'Cueva de Nerja', 65, 2),
('El paseo en barco por la Costa del Sol fue muy relajante.', 4.6, 'Paseo en barco', 66, 1),
('La clase de cocina andaluza en Málaga fue muy divertida.', 4.9, 'Clase de cocina andaluza', 67, 2),
('La ruta de senderismo en el Torcal de Antequera fue impresionante.', 4.8, 'Senderismo en el Torcal', 68, 1),
('El espectáculo de flamenco en el Tablao Los Amayas fue increíble.', 4.9, 'Noche de flamenco', 69, 2),
('La visita al Jardín Botánico-Histórico La Concepción fue muy educativa.', 4.7, 'Visita al Jardín Botánico', 70, 1),
('La Catedral de Sevilla y la Giralda son impresionantes.', 5.0, 'Visita a la Catedral de Sevilla', 71, 2),
('El paseo por el Parque de María Luisa y Plaza de España fue muy relajante.', 4.8, 'Paseo por el Parque de María Luisa', 72, 1),
('El espectáculo de flamenco en el Barrio de Triana fue muy emocionante.', 4.7, 'Espectáculo de flamenco en Triana', 73, 2),
('El crucero por el río Guadalquivir fue una experiencia inolvidable.', 4.9, 'Crucero por el río Guadalquivir', 74, 1),
('La visita al Real Alcázar de Sevilla fue impresionante.', 4.8, 'Visita al Real Alcázar', 75, 2),
('El tour de tapas por Sevilla fue delicioso.', 4.9, 'Tour de tapas por Sevilla', 76, 1),
('El kayak en el río Guadalquivir fue muy divertido.', 4.7, 'Kayak en el río Guadalquivir', 77, 2),
('El ciclismo por la Isla de la Cartuja fue muy emocionante.', 4.8, 'Ciclismo por la Isla de la Cartuja', 78, 1),
('El Museo de Bellas Artes en Sevilla tiene una colección impresionante.', 4.7, 'Visita al Museo de Bellas Artes', 79, 2),
('El casco antiguo de Sevilla es muy pintoresco.', 4.9, 'Ruta por el casco antiguo de Sevilla', 80, 1);